<?xml version="1.0" encoding="UTF-8" ?>
<?ccsproject version="1.0"?>
<projectOptions>
	<ccsVersion value="9.0.0"/>
	<deviceVariant value="MSP430F5529"/>
	<deviceFamily value="MSP430"/>
	<deviceEndianness value="little"/>
	<codegenToolVersion value="18.12.1.LTS"/>
	<isElfFormat value="true"/>
	<connection value="common/targetdb/connections/TIMSP430-USB.xml"/>
	<linkerCommandFile value="lnk_msp430f5529.cmd"/>
	<rts value="libc.a"/>
	<createSlaveProjects value=""/>
	<templateProperties value="id=com.ti.ccstudio.project.templates.emptyAssemblyOnly_msp430,isAssemblyOnly=true"/>
	<filesToOpen value="main.asm"/>
</projectOptions>
