<?xml version="1.0" encoding="UTF-8" standalone="no"?>
<?fileVersion 4.0.0?><cproject storage_type_id="org.eclipse.cdt.core.XmlProjectDescriptionStorage">
	<storageModule configRelations="2" moduleId="org.eclipse.cdt.core.settings">
		<cconfiguration id="com.ti.ccstudio.buildDefinitions.MSP430.Debug.1479483440">
			<storageModule buildSystemId="org.eclipse.cdt.managedbuilder.core.configurationDataProvider" id="com.ti.ccstudio.buildDefinitions.MSP430.Debug.1479483440" moduleId="org.eclipse.cdt.core.settings" name="Debug">
				<externalSettings/>
				<extensions>
					<extension id="com.ti.ccstudio.binaryparser.CoffParser" point="org.eclipse.cdt.core.BinaryParser"/>
					<extension id="org.eclipse.cdt.core.GmakeErrorParser" point="org.eclipse.cdt.core.ErrorParser"/>
					<extension id="com.ti.ccstudio.errorparser.CoffErrorParser" point="org.eclipse.cdt.core.ErrorParser"/>
					<extension id="com.ti.ccstudio.errorparser.AsmErrorParser" point="org.eclipse.cdt.core.ErrorParser"/>
					<extension id="com.ti.ccstudio.errorparser.LinkErrorParser" point="org.eclipse.cdt.core.ErrorParser"/>
				</extensions>
			</storageModule>
			<storageModule moduleId="cdtBuildSystem" version="4.0.0">
				<configuration artifactExtension="out" artifactName="${ProjName}" buildProperties="" cleanCommand="${CG_CLEAN_CMD}" description="" id="com.ti.ccstudio.buildDefinitions.MSP430.Debug.1479483440" name="Debug" parent="com.ti.ccstudio.buildDefinitions.MSP430.Debug">
					<folderInfo id="com.ti.ccstudio.buildDefinitions.MSP430.Debug.1479483440." name="/" resourcePath="">
						<toolChain id="com.ti.ccstudio.buildDefinitions.MSP430_18.12.exe.DebugToolchain.1987410163" name="TI Build Tools" superClass="com.ti.ccstudio.buildDefinitions.MSP430_18.12.exe.DebugToolchain" targetTool="com.ti.ccstudio.buildDefinitions.MSP430_18.12.exe.linkerDebug.235445373">
							<option IS_BUILTIN_EMPTY="false" IS_VALUE_EMPTY="false" id="com.ti.ccstudio.buildDefinitions.core.OPT_TAGS.1758656861" superClass="com.ti.ccstudio.buildDefinitions.core.OPT_TAGS" valueType="stringList">
								<listOptionValue builtIn="false" value="DEVICE_CONFIGURATION_ID=MSP430F5529"/>
								<listOptionValue builtIn="false" value="DEVICE_ENDIANNESS=little"/>
								<listOptionValue builtIn="false" value="OUTPUT_FORMAT=ELF"/>
								<listOptionValue builtIn="false" value="CCS_MBS_VERSION=6.1.3"/>
								<listOptionValue builtIn="false" value="LINKER_COMMAND_FILE=lnk_msp430f5529.cmd"/>
								<listOptionValue builtIn="false" value="RUNTIME_SUPPORT_LIBRARY=libc.a"/>
								<listOptionValue builtIn="false" value="OUTPUT_TYPE=executable"/>
							</option>
							<option id="com.ti.ccstudio.buildDefinitions.core.OPT_CODEGEN_VERSION.299086859" superClass="com.ti.ccstudio.buildDefinitions.core.OPT_CODEGEN_VERSION" value="18.12.1.LTS" valueType="string"/>
							<targetPlatform id="com.ti.ccstudio.buildDefinitions.MSP430_18.12.exe.targetPlatformDebug.108881227" name="Platform" superClass="com.ti.ccstudio.buildDefinitions.MSP430_18.12.exe.targetPlatformDebug"/>
							<builder buildPath="${BuildDirectory}" id="com.ti.ccstudio.buildDefinitions.MSP430_18.12.exe.builderDebug.1421213079" name="GNU Make.Debug" parallelBuildOn="true" parallelizationNumber="optimal" superClass="com.ti.ccstudio.buildDefinitions.MSP430_18.12.exe.builderDebug"/>
							<tool id="com.ti.ccstudio.buildDefinitions.MSP430_18.12.exe.compilerDebug.790839671" name="MSP430 Compiler" superClass="com.ti.ccstudio.buildDefinitions.MSP430_18.12.exe.compilerDebug">
								<option IS_BUILTIN_EMPTY="false" IS_VALUE_EMPTY="false" id="com.ti.ccstudio.buildDefinitions.MSP430_18.12.compilerID.DEFINE.216134690" superClass="com.ti.ccstudio.buildDefinitions.MSP430_18.12.compilerID.DEFINE" valueType="definedSymbols">
									<listOptionValue builtIn="false" value="__MSP430F5529__"/>
								</option>
								<option id="com.ti.ccstudio.buildDefinitions.MSP430_18.12.compilerID.DATA_MODEL.965828485" superClass="com.ti.ccstudio.buildDefinitions.MSP430_18.12.compilerID.DATA_MODEL" useByScannerDiscovery="false" value="com.ti.ccstudio.buildDefinitions.MSP430_18.12.compilerID.DATA_MODEL.small" valueType="enumerated"/>
								<option id="com.ti.ccstudio.buildDefinitions.MSP430_18.12.compilerID.USE_HW_MPY.1214076019" superClass="com.ti.ccstudio.buildDefinitions.MSP430_18.12.compilerID.USE_HW_MPY" useByScannerDiscovery="false" value="com.ti.ccstudio.buildDefinitions.MSP430_18.12.compilerID.USE_HW_MPY.F5" valueType="enumerated"/>
								<option id="com.ti.ccstudio.buildDefinitions.MSP430_18.12.compilerID.SILICON_ERRATA.CPU21.1317489367" superClass="com.ti.ccstudio.buildDefinitions.MSP430_18.12.compilerID.SILICON_ERRATA.CPU21" useByScannerDiscovery="false" value="true" valueType="boolean"/>
								<option id="com.ti.ccstudio.buildDefinitions.MSP430_18.12.compilerID.SILICON_ERRATA.CPU22.931037802" superClass="com.ti.ccstudio.buildDefinitions.MSP430_18.12.compilerID.SILICON_ERRATA.CPU22" useByScannerDiscovery="false" value="true" valueType="boolean"/>
								<option id="com.ti.ccstudio.buildDefinitions.MSP430_18.12.compilerID.SILICON_ERRATA.CPU23.1928815730" superClass="com.ti.ccstudio.buildDefinitions.MSP430_18.12.compilerID.SILICON_ERRATA.CPU23" useByScannerDiscovery="false" value="true" valueType="boolean"/>
								<option id="com.ti.ccstudio.buildDefinitions.MSP430_18.12.compilerID.SILICON_ERRATA.CPU40.1918980039" superClass="com.ti.ccstudio.buildDefinitions.MSP430_18.12.compilerID.SILICON_ERRATA.CPU40" useByScannerDiscovery="false" value="true" valueType="boolean"/>
								<option id="com.ti.ccstudio.buildDefinitions.MSP430_18.12.compilerID.SILICON_VERSION.601422139" superClass="com.ti.ccstudio.buildDefinitions.MSP430_18.12.compilerID.SILICON_VERSION" useByScannerDiscovery="false" value="com.ti.ccstudio.buildDefinitions.MSP430_18.12.compilerID.SILICON_VERSION.mspx" valueType="enumerated"/>
								<option id="com.ti.ccstudio.buildDefinitions.MSP430_18.12.compilerID.PRINTF_SUPPORT.1740240464" superClass="com.ti.ccstudio.buildDefinitions.MSP430_18.12.compilerID.PRINTF_SUPPORT" useByScannerDiscovery="false" value="com.ti.ccstudio.buildDefinitions.MSP430_18.12.compilerID.PRINTF_SUPPORT.minimal" valueType="enumerated"/>
								<option id="com.ti.ccstudio.buildDefinitions.MSP430_18.12.compilerID.DEBUGGING_MODEL.1932899406" superClass="com.ti.ccstudio.buildDefinitions.MSP430_18.12.compilerID.DEBUGGING_MODEL" useByScannerDiscovery="false" value="com.ti.ccstudio.buildDefinitions.MSP430_18.12.compilerID.DEBUGGING_MODEL.SYMDEBUG__DWARF" valueType="enumerated"/>
								<option IS_BUILTIN_EMPTY="false" IS_VALUE_EMPTY="false" id="com.ti.ccstudio.buildDefinitions.MSP430_18.12.compilerID.DIAG_WARNING.1395118222" superClass="com.ti.ccstudio.buildDefinitions.MSP430_18.12.compilerID.DIAG_WARNING" useByScannerDiscovery="false" valueType="stringList">
									<listOptionValue builtIn="false" value="225"/>
								</option>
								<option id="com.ti.ccstudio.buildDefinitions.MSP430_18.12.compilerID.DISPLAY_ERROR_NUMBER.45302766" superClass="com.ti.ccstudio.buildDefinitions.MSP430_18.12.compilerID.DISPLAY_ERROR_NUMBER" useByScannerDiscovery="false" value="true" valueType="boolean"/>
								<option id="com.ti.ccstudio.buildDefinitions.MSP430_18.12.compilerID.DIAG_WRAP.37606065" superClass="com.ti.ccstudio.buildDefinitions.MSP430_18.12.compilerID.DIAG_WRAP" useByScannerDiscovery="false" value="com.ti.ccstudio.buildDefinitions.MSP430_18.12.compilerID.DIAG_WRAP.off" valueType="enumerated"/>
								<option IS_BUILTIN_EMPTY="false" IS_VALUE_EMPTY="false" id="com.ti.ccstudio.buildDefinitions.MSP430_18.12.compilerID.INCLUDE_PATH.628665128" superClass="com.ti.ccstudio.buildDefinitions.MSP430_18.12.compilerID.INCLUDE_PATH" valueType="includePath">
									<listOptionValue builtIn="false" value="${CCS_BASE_ROOT}/msp430/include"/>
									<listOptionValue builtIn="false" value="${PROJECT_ROOT}"/>
									<listOptionValue builtIn="false" value="${CG_TOOL_ROOT}/include"/>
								</option>
								<option id="com.ti.ccstudio.buildDefinitions.MSP430_18.12.compilerID.ADVICE__POWER.1203706435" superClass="com.ti.ccstudio.buildDefinitions.MSP430_18.12.compilerID.ADVICE__POWER" useByScannerDiscovery="false" value="all" valueType="string"/>
								<option id="com.ti.ccstudio.buildDefinitions.MSP430_18.12.compilerID.CODE_MODEL.270656615" superClass="com.ti.ccstudio.buildDefinitions.MSP430_18.12.compilerID.CODE_MODEL" useByScannerDiscovery="false" value="com.ti.ccstudio.buildDefinitions.MSP430_18.12.compilerID.CODE_MODEL.small" valueType="enumerated"/>
								<inputType id="com.ti.ccstudio.buildDefinitions.MSP430_18.12.compiler.inputType__C_SRCS.461896985" name="C Sources" superClass="com.ti.ccstudio.buildDefinitions.MSP430_18.12.compiler.inputType__C_SRCS"/>
								<inputType id="com.ti.ccstudio.buildDefinitions.MSP430_18.12.compiler.inputType__CPP_SRCS.1850117868" name="C++ Sources" superClass="com.ti.ccstudio.buildDefinitions.MSP430_18.12.compiler.inputType__CPP_SRCS"/>
								<inputType id="com.ti.ccstudio.buildDefinitions.MSP430_18.12.compiler.inputType__ASM_SRCS.1305551702" name="Assembly Sources" superClass="com.ti.ccstudio.buildDefinitions.MSP430_18.12.compiler.inputType__ASM_SRCS"/>
								<inputType id="com.ti.ccstudio.buildDefinitions.MSP430_18.12.compiler.inputType__ASM2_SRCS.513734555" name="Assembly Sources" superClass="com.ti.ccstudio.buildDefinitions.MSP430_18.12.compiler.inputType__ASM2_SRCS"/>
							</tool>
							<tool id="com.ti.ccstudio.buildDefinitions.MSP430_18.12.exe.linkerDebug.235445373" name="MSP430 Linker" superClass="com.ti.ccstudio.buildDefinitions.MSP430_18.12.exe.linkerDebug">
								<option IS_BUILTIN_EMPTY="false" IS_VALUE_EMPTY="false" id="com.ti.ccstudio.buildDefinitions.MSP430_18.12.linkerID.LIBRARY.1036429387" superClass="com.ti.ccstudio.buildDefinitions.MSP430_18.12.linkerID.LIBRARY" useByScannerDiscovery="false" valueType="libs">
									<listOptionValue builtIn="false" value="libmath.a"/>
									<listOptionValue builtIn="false" value="libc.a"/>
								</option>
								<option IS_BUILTIN_EMPTY="false" IS_VALUE_EMPTY="false" id="com.ti.ccstudio.buildDefinitions.MSP430_18.12.linkerID.SEARCH_PATH.524383994" superClass="com.ti.ccstudio.buildDefinitions.MSP430_18.12.linkerID.SEARCH_PATH" valueType="libPaths">
									<listOptionValue builtIn="false" value="${CCS_BASE_ROOT}/msp430/include"/>
									<listOptionValue builtIn="false" value="${CCS_BASE_ROOT}/msp430/lib/5xx_6xx_FRxx"/>
									<listOptionValue builtIn="false" value="${CG_TOOL_ROOT}/lib"/>
									<listOptionValue builtIn="false" value="${CG_TOOL_ROOT}/include"/>
								</option>
								<option id="com.ti.ccstudio.buildDefinitions.MSP430_18.12.linkerID.USE_HW_MPY.1920538538" superClass="com.ti.ccstudio.buildDefinitions.MSP430_18.12.linkerID.USE_HW_MPY" useByScannerDiscovery="false" value="com.ti.ccstudio.buildDefinitions.MSP430_18.12.linkerID.USE_HW_MPY.F5" valueType="enumerated"/>
								<option id="com.ti.ccstudio.buildDefinitions.MSP430_18.12.linkerID.CINIT_HOLD_WDT.31511431" superClass="com.ti.ccstudio.buildDefinitions.MSP430_18.12.linkerID.CINIT_HOLD_WDT" useByScannerDiscovery="false" value="com.ti.ccstudio.buildDefinitions.MSP430_18.12.linkerID.CINIT_HOLD_WDT.on" valueType="enumerated"/>
								<option id="com.ti.ccstudio.buildDefinitions.MSP430_18.12.linkerID.HEAP_SIZE.382675968" superClass="com.ti.ccstudio.buildDefinitions.MSP430_18.12.linkerID.HEAP_SIZE" useByScannerDiscovery="false" value="0" valueType="string"/>
								<option id="com.ti.ccstudio.buildDefinitions.MSP430_18.12.linkerID.STACK_SIZE.1988712018" superClass="com.ti.ccstudio.buildDefinitions.MSP430_18.12.linkerID.STACK_SIZE" useByScannerDiscovery="false" value="0" valueType="string"/>
								<option id="com.ti.ccstudio.buildDefinitions.MSP430_18.12.linkerID.OUTPUT_FILE.221222930" superClass="com.ti.ccstudio.buildDefinitions.MSP430_18.12.linkerID.OUTPUT_FILE" useByScannerDiscovery="false" value="${ProjName}.out" valueType="string"/>
								<option id="com.ti.ccstudio.buildDefinitions.MSP430_18.12.linkerID.MAP_FILE.1961001688" superClass="com.ti.ccstudio.buildDefinitions.MSP430_18.12.linkerID.MAP_FILE" useByScannerDiscovery="false" value="${ProjName}.map" valueType="string"/>
								<option id="com.ti.ccstudio.buildDefinitions.MSP430_18.12.linkerID.XML_LINK_INFO.118698953" superClass="com.ti.ccstudio.buildDefinitions.MSP430_18.12.linkerID.XML_LINK_INFO" useByScannerDiscovery="false" value="${ProjName}_linkInfo.xml" valueType="string"/>
								<option id="com.ti.ccstudio.buildDefinitions.MSP430_18.12.linkerID.DISPLAY_ERROR_NUMBER.230902503" superClass="com.ti.ccstudio.buildDefinitions.MSP430_18.12.linkerID.DISPLAY_ERROR_NUMBER" useByScannerDiscovery="false" value="true" valueType="boolean"/>
								<option id="com.ti.ccstudio.buildDefinitions.MSP430_18.12.linkerID.DIAG_WRAP.202424819" superClass="com.ti.ccstudio.buildDefinitions.MSP430_18.12.linkerID.DIAG_WRAP" useByScannerDiscovery="false" value="com.ti.ccstudio.buildDefinitions.MSP430_18.12.linkerID.DIAG_WRAP.off" valueType="enumerated"/>
								<option id="com.ti.ccstudio.buildDefinitions.MSP430_18.12.linkerID.INITIALIZATION_MODEL.878851620" superClass="com.ti.ccstudio.buildDefinitions.MSP430_18.12.linkerID.INITIALIZATION_MODEL" useByScannerDiscovery="false" value="com.ti.ccstudio.buildDefinitions.MSP430_18.12.linkerID.INITIALIZATION_MODEL._none" valueType="enumerated"/>
								<option id="com.ti.ccstudio.buildDefinitions.MSP430_18.12.linkerID.ENTRY_POINT.311083038" superClass="com.ti.ccstudio.buildDefinitions.MSP430_18.12.linkerID.ENTRY_POINT" useByScannerDiscovery="false" value="RESET" valueType="string"/>
								<inputType id="com.ti.ccstudio.buildDefinitions.MSP430_18.12.exeLinker.inputType__CMD_SRCS.1230315279" name="Linker Command Files" superClass="com.ti.ccstudio.buildDefinitions.MSP430_18.12.exeLinker.inputType__CMD_SRCS"/>
								<inputType id="com.ti.ccstudio.buildDefinitions.MSP430_18.12.exeLinker.inputType__CMD2_SRCS.1664722173" name="Linker Command Files" superClass="com.ti.ccstudio.buildDefinitions.MSP430_18.12.exeLinker.inputType__CMD2_SRCS"/>
								<inputType id="com.ti.ccstudio.buildDefinitions.MSP430_18.12.exeLinker.inputType__GEN_CMDS.1034772552" name="Generated Linker Command Files" superClass="com.ti.ccstudio.buildDefinitions.MSP430_18.12.exeLinker.inputType__GEN_CMDS"/>
							</tool>
							<tool id="com.ti.ccstudio.buildDefinitions.MSP430_18.12.hex.1553910282" name="MSP430 Hex Utility" superClass="com.ti.ccstudio.buildDefinitions.MSP430_18.12.hex">
								<option id="com.ti.ccstudio.buildDefinitions.MSP430_18.12.hex.ROMWIDTH.1064406581" superClass="com.ti.ccstudio.buildDefinitions.MSP430_18.12.hex.ROMWIDTH" useByScannerDiscovery="false" value="8" valueType="string"/>
								<option id="com.ti.ccstudio.buildDefinitions.MSP430_18.12.hex.MEMWIDTH.1888943722" superClass="com.ti.ccstudio.buildDefinitions.MSP430_18.12.hex.MEMWIDTH" useByScannerDiscovery="false" value="8" valueType="string"/>
							</tool>
						</toolChain>
					</folderInfo>
				</configuration>
			</storageModule>
			<storageModule moduleId="org.eclipse.cdt.core.externalSettings"/>
		</cconfiguration>
		<cconfiguration id="com.ti.ccstudio.buildDefinitions.MSP430.Release.848535660">
			<storageModule buildSystemId="org.eclipse.cdt.managedbuilder.core.configurationDataProvider" id="com.ti.ccstudio.buildDefinitions.MSP430.Release.848535660" moduleId="org.eclipse.cdt.core.settings" name="Release">
				<externalSettings/>
				<extensions>
					<extension id="com.ti.ccstudio.binaryparser.CoffParser" point="org.eclipse.cdt.core.BinaryParser"/>
					<extension id="org.eclipse.cdt.core.GmakeErrorParser" point="org.eclipse.cdt.core.ErrorParser"/>
					<extension id="com.ti.ccstudio.errorparser.CoffErrorParser" point="org.eclipse.cdt.core.ErrorParser"/>
					<extension id="com.ti.ccstudio.errorparser.AsmErrorParser" point="org.eclipse.cdt.core.ErrorParser"/>
					<extension id="com.ti.ccstudio.errorparser.LinkErrorParser" point="org.eclipse.cdt.core.ErrorParser"/>
				</extensions>
			</storageModule>
			<storageModule moduleId="cdtBuildSystem" version="4.0.0">
				<configuration artifactExtension="out" artifactName="${ProjName}" buildProperties="" cleanCommand="${CG_CLEAN_CMD}" description="" id="com.ti.ccstudio.buildDefinitions.MSP430.Release.848535660" name="Release" parent="com.ti.ccstudio.buildDefinitions.MSP430.Release">
					<folderInfo id="com.ti.ccstudio.buildDefinitions.MSP430.Release.848535660." name="/" resourcePath="">
						<toolChain id="com.ti.ccstudio.buildDefinitions.MSP430_18.12.exe.ReleaseToolchain.579969162" name="TI Build Tools" superClass="com.ti.ccstudio.buildDefinitions.MSP430_18.12.exe.ReleaseToolchain" targetTool="com.ti.ccstudio.buildDefinitions.MSP430_18.12.exe.linkerRelease.353648343">
							<option IS_BUILTIN_EMPTY="false" IS_VALUE_EMPTY="false" id="com.ti.ccstudio.buildDefinitions.core.OPT_TAGS.1137250547" superClass="com.ti.ccstudio.buildDefinitions.core.OPT_TAGS" valueType="stringList">
								<listOptionValue builtIn="false" value="DEVICE_CONFIGURATION_ID=MSP430F5529"/>
								<listOptionValue builtIn="false" value="DEVICE_ENDIANNESS=little"/>
								<listOptionValue builtIn="false" value="OUTPUT_FORMAT=ELF"/>
								<listOptionValue builtIn="false" value="CCS_MBS_VERSION=6.1.3"/>
								<listOptionValue builtIn="false" value="LINKER_COMMAND_FILE=lnk_msp430f5529.cmd"/>
								<listOptionValue builtIn="false" value="RUNTIME_SUPPORT_LIBRARY=libc.a"/>
								<listOptionValue builtIn="false" value="OUTPUT_TYPE=executable"/>
							</option>
							<option id="com.ti.ccstudio.buildDefinitions.core.OPT_CODEGEN_VERSION.610221145" superClass="com.ti.ccstudio.buildDefinitions.core.OPT_CODEGEN_VERSION" value="18.12.1.LTS" valueType="string"/>
							<targetPlatform id="com.ti.ccstudio.buildDefinitions.MSP430_18.12.exe.targetPlatformRelease.49420029" name="Platform" superClass="com.ti.ccstudio.buildDefinitions.MSP430_18.12.exe.targetPlatformRelease"/>
							<builder buildPath="${BuildDirectory}" id="com.ti.ccstudio.buildDefinitions.MSP430_18.12.exe.builderRelease.1797018576" name="GNU Make.Release" parallelBuildOn="true" parallelizationNumber="optimal" superClass="com.ti.ccstudio.buildDefinitions.MSP430_18.12.exe.builderRelease"/>
							<tool id="com.ti.ccstudio.buildDefinitions.MSP430_18.12.exe.compilerRelease.1666478629" name="MSP430 Compiler" superClass="com.ti.ccstudio.buildDefinitions.MSP430_18.12.exe.compilerRelease">
								<option IS_BUILTIN_EMPTY="false" IS_VALUE_EMPTY="false" id="com.ti.ccstudio.buildDefinitions.MSP430_18.12.compilerID.DEFINE.432186509" superClass="com.ti.ccstudio.buildDefinitions.MSP430_18.12.compilerID.DEFINE" valueType="definedSymbols">
									<listOptionValue builtIn="false" value="__MSP430F5529__"/>
								</option>
								<option id="com.ti.ccstudio.buildDefinitions.MSP430_18.12.compilerID.DATA_MODEL.2050536211" superClass="com.ti.ccstudio.buildDefinitions.MSP430_18.12.compilerID.DATA_MODEL" useByScannerDiscovery="false" value="com.ti.ccstudio.buildDefinitions.MSP430_18.12.compilerID.DATA_MODEL.small" valueType="enumerated"/>
								<option id="com.ti.ccstudio.buildDefinitions.MSP430_18.12.compilerID.USE_HW_MPY.1206751813" superClass="com.ti.ccstudio.buildDefinitions.MSP430_18.12.compilerID.USE_HW_MPY" useByScannerDiscovery="false" value="com.ti.ccstudio.buildDefinitions.MSP430_18.12.compilerID.USE_HW_MPY.F5" valueType="enumerated"/>
								<option id="com.ti.ccstudio.buildDefinitions.MSP430_18.12.compilerID.SILICON_ERRATA.CPU21.949708592" superClass="com.ti.ccstudio.buildDefinitions.MSP430_18.12.compilerID.SILICON_ERRATA.CPU21" useByScannerDiscovery="false" value="true" valueType="boolean"/>
								<option id="com.ti.ccstudio.buildDefinitions.MSP430_18.12.compilerID.SILICON_ERRATA.CPU22.736062799" superClass="com.ti.ccstudio.buildDefinitions.MSP430_18.12.compilerID.SILICON_ERRATA.CPU22" useByScannerDiscovery="false" value="true" valueType="boolean"/>
								<option id="com.ti.ccstudio.buildDefinitions.MSP430_18.12.compilerID.SILICON_ERRATA.CPU23.1056028582" superClass="com.ti.ccstudio.buildDefinitions.MSP430_18.12.compilerID.SILICON_ERRATA.CPU23" useByScannerDiscovery="false" value="true" valueType="boolean"/>
								<option id="com.ti.ccstudio.buildDefinitions.MSP430_18.12.compilerID.SILICON_ERRATA.CPU40.865980226" superClass="com.ti.ccstudio.buildDefinitions.MSP430_18.12.compilerID.SILICON_ERRATA.CPU40" useByScannerDiscovery="false" value="true" valueType="boolean"/>
								<option id="com.ti.ccstudio.buildDefinitions.MSP430_18.12.compilerID.SILICON_VERSION.1502651646" superClass="com.ti.ccstudio.buildDefinitions.MSP430_18.12.compilerID.SILICON_VERSION" useByScannerDiscovery="false" value="com.ti.ccstudio.buildDefinitions.MSP430_18.12.compilerID.SILICON_VERSION.mspx" valueType="enumerated"/>
								<option id="com.ti.ccstudio.buildDefinitions.MSP430_18.12.compilerID.PRINTF_SUPPORT.2136831393" superClass="com.ti.ccstudio.buildDefinitions.MSP430_18.12.compilerID.PRINTF_SUPPORT" useByScannerDiscovery="false" value="com.ti.ccstudio.buildDefinitions.MSP430_18.12.compilerID.PRINTF_SUPPORT.minimal" valueType="enumerated"/>
								<option IS_BUILTIN_EMPTY="false" IS_VALUE_EMPTY="false" id="com.ti.ccstudio.buildDefinitions.MSP430_18.12.compilerID.DIAG_WARNING.1021559573" superClass="com.ti.ccstudio.buildDefinitions.MSP430_18.12.compilerID.DIAG_WARNING" useByScannerDiscovery="false" valueType="stringList">
									<listOptionValue builtIn="false" value="225"/>
								</option>
								<option id="com.ti.ccstudio.buildDefinitions.MSP430_18.12.compilerID.DISPLAY_ERROR_NUMBER.1430026337" superClass="com.ti.ccstudio.buildDefinitions.MSP430_18.12.compilerID.DISPLAY_ERROR_NUMBER" useByScannerDiscovery="false" value="true" valueType="boolean"/>
								<option id="com.ti.ccstudio.buildDefinitions.MSP430_18.12.compilerID.DIAG_WRAP.157538875" superClass="com.ti.ccstudio.buildDefinitions.MSP430_18.12.compilerID.DIAG_WRAP" useByScannerDiscovery="false" value="com.ti.ccstudio.buildDefinitions.MSP430_18.12.compilerID.DIAG_WRAP.off" valueType="enumerated"/>
								<option IS_BUILTIN_EMPTY="false" IS_VALUE_EMPTY="false" id="com.ti.ccstudio.buildDefinitions.MSP430_18.12.compilerID.INCLUDE_PATH.2025884939" superClass="com.ti.ccstudio.buildDefinitions.MSP430_18.12.compilerID.INCLUDE_PATH" valueType="includePath">
									<listOptionValue builtIn="false" value="${CCS_BASE_ROOT}/msp430/include"/>
									<listOptionValue builtIn="false" value="${PROJECT_ROOT}"/>
									<listOptionValue builtIn="false" value="${CG_TOOL_ROOT}/include"/>
								</option>
								<option id="com.ti.ccstudio.buildDefinitions.MSP430_18.12.compilerID.ADVICE__POWER.2108430149" superClass="com.ti.ccstudio.buildDefinitions.MSP430_18.12.compilerID.ADVICE__POWER" useByScannerDiscovery="false" value="all" valueType="string"/>
								<option id="com.ti.ccstudio.buildDefinitions.MSP430_18.12.compilerID.CODE_MODEL.148915275" superClass="com.ti.ccstudio.buildDefinitions.MSP430_18.12.compilerID.CODE_MODEL" useByScannerDiscovery="false" value="com.ti.ccstudio.buildDefinitions.MSP430_18.12.compilerID.CODE_MODEL.small" valueType="enumerated"/>
								<inputType id="com.ti.ccstudio.buildDefinitions.MSP430_18.12.compiler.inputType__C_SRCS.1832778795" name="C Sources" superClass="com.ti.ccstudio.buildDefinitions.MSP430_18.12.compiler.inputType__C_SRCS"/>
								<inputType id="com.ti.ccstudio.buildDefinitions.MSP430_18.12.compiler.inputType__CPP_SRCS.1148529449" name="C++ Sources" superClass="com.ti.ccstudio.buildDefinitions.MSP430_18.12.compiler.inputType__CPP_SRCS"/>
								<inputType id="com.ti.ccstudio.buildDefinitions.MSP430_18.12.compiler.inputType__ASM_SRCS.372369977" name="Assembly Sources" superClass="com.ti.ccstudio.buildDefinitions.MSP430_18.12.compiler.inputType__ASM_SRCS"/>
								<inputType id="com.ti.ccstudio.buildDefinitions.MSP430_18.12.compiler.inputType__ASM2_SRCS.1414389772" name="Assembly Sources" superClass="com.ti.ccstudio.buildDefinitions.MSP430_18.12.compiler.inputType__ASM2_SRCS"/>
							</tool>
							<tool id="com.ti.ccstudio.buildDefinitions.MSP430_18.12.exe.linkerRelease.353648343" name="MSP430 Linker" superClass="com.ti.ccstudio.buildDefinitions.MSP430_18.12.exe.linkerRelease">
								<option IS_BUILTIN_EMPTY="false" IS_VALUE_EMPTY="false" id="com.ti.ccstudio.buildDefinitions.MSP430_18.12.linkerID.LIBRARY.1856501222" superClass="com.ti.ccstudio.buildDefinitions.MSP430_18.12.linkerID.LIBRARY" useByScannerDiscovery="false" valueType="libs">
									<listOptionValue builtIn="false" value="libmath.a"/>
									<listOptionValue builtIn="false" value="libc.a"/>
								</option>
								<option IS_BUILTIN_EMPTY="false" IS_VALUE_EMPTY="false" id="com.ti.ccstudio.buildDefinitions.MSP430_18.12.linkerID.SEARCH_PATH.115900689" superClass="com.ti.ccstudio.buildDefinitions.MSP430_18.12.linkerID.SEARCH_PATH" valueType="libPaths">
									<listOptionValue builtIn="false" value="${CCS_BASE_ROOT}/msp430/include"/>
									<listOptionValue builtIn="false" value="${CCS_BASE_ROOT}/msp430/lib/5xx_6xx_FRxx"/>
									<listOptionValue builtIn="false" value="${CG_TOOL_ROOT}/lib"/>
									<listOptionValue builtIn="false" value="${CG_TOOL_ROOT}/include"/>
								</option>
								<option id="com.ti.ccstudio.buildDefinitions.MSP430_18.12.linkerID.USE_HW_MPY.411747281" superClass="com.ti.ccstudio.buildDefinitions.MSP430_18.12.linkerID.USE_HW_MPY" useByScannerDiscovery="false" value="com.ti.ccstudio.buildDefinitions.MSP430_18.12.linkerID.USE_HW_MPY.F5" valueType="enumerated"/>
								<option id="com.ti.ccstudio.buildDefinitions.MSP430_18.12.linkerID.CINIT_HOLD_WDT.444053977" superClass="com.ti.ccstudio.buildDefinitions.MSP430_18.12.linkerID.CINIT_HOLD_WDT" useByScannerDiscovery="false" value="com.ti.ccstudio.buildDefinitions.MSP430_18.12.linkerID.CINIT_HOLD_WDT.on" valueType="enumerated"/>
								<option id="com.ti.ccstudio.buildDefinitions.MSP430_18.12.linkerID.HEAP_SIZE.1541003925" superClass="com.ti.ccstudio.buildDefinitions.MSP430_18.12.linkerID.HEAP_SIZE" useByScannerDiscovery="false" value="0" valueType="string"/>
								<option id="com.ti.ccstudio.buildDefinitions.MSP430_18.12.linkerID.STACK_SIZE.79744783" superClass="com.ti.ccstudio.buildDefinitions.MSP430_18.12.linkerID.STACK_SIZE" useByScannerDiscovery="false" value="0" valueType="string"/>
								<option id="com.ti.ccstudio.buildDefinitions.MSP430_18.12.linkerID.OUTPUT_FILE.635830155" superClass="com.ti.ccstudio.buildDefinitions.MSP430_18.12.linkerID.OUTPUT_FILE" useByScannerDiscovery="false" value="${ProjName}.out" valueType="string"/>
								<option id="com.ti.ccstudio.buildDefinitions.MSP430_18.12.linkerID.MAP_FILE.1574675715" superClass="com.ti.ccstudio.buildDefinitions.MSP430_18.12.linkerID.MAP_FILE" useByScannerDiscovery="false" value="${ProjName}.map" valueType="string"/>
								<option id="com.ti.ccstudio.buildDefinitions.MSP430_18.12.linkerID.XML_LINK_INFO.217509069" superClass="com.ti.ccstudio.buildDefinitions.MSP430_18.12.linkerID.XML_LINK_INFO" useByScannerDiscovery="false" value="${ProjName}_linkInfo.xml" valueType="string"/>
								<option id="com.ti.ccstudio.buildDefinitions.MSP430_18.12.linkerID.DISPLAY_ERROR_NUMBER.573808269" superClass="com.ti.ccstudio.buildDefinitions.MSP430_18.12.linkerID.DISPLAY_ERROR_NUMBER" useByScannerDiscovery="false" value="true" valueType="boolean"/>
								<option id="com.ti.ccstudio.buildDefinitions.MSP430_18.12.linkerID.DIAG_WRAP.752870363" superClass="com.ti.ccstudio.buildDefinitions.MSP430_18.12.linkerID.DIAG_WRAP" useByScannerDiscovery="false" value="com.ti.ccstudio.buildDefinitions.MSP430_18.12.linkerID.DIAG_WRAP.off" valueType="enumerated"/>
								<option id="com.ti.ccstudio.buildDefinitions.MSP430_18.12.linkerID.INITIALIZATION_MODEL.154857504" superClass="com.ti.ccstudio.buildDefinitions.MSP430_18.12.linkerID.INITIALIZATION_MODEL" useByScannerDiscovery="false" value="com.ti.ccstudio.buildDefinitions.MSP430_18.12.linkerID.INITIALIZATION_MODEL._none" valueType="enumerated"/>
								<option id="com.ti.ccstudio.buildDefinitions.MSP430_18.12.linkerID.ENTRY_POINT.1191533122" superClass="com.ti.ccstudio.buildDefinitions.MSP430_18.12.linkerID.ENTRY_POINT" useByScannerDiscovery="false" value="RESET" valueType="string"/>
								<inputType id="com.ti.ccstudio.buildDefinitions.MSP430_18.12.exeLinker.inputType__CMD_SRCS.1027536666" name="Linker Command Files" superClass="com.ti.ccstudio.buildDefinitions.MSP430_18.12.exeLinker.inputType__CMD_SRCS"/>
								<inputType id="com.ti.ccstudio.buildDefinitions.MSP430_18.12.exeLinker.inputType__CMD2_SRCS.1044551620" name="Linker Command Files" superClass="com.ti.ccstudio.buildDefinitions.MSP430_18.12.exeLinker.inputType__CMD2_SRCS"/>
								<inputType id="com.ti.ccstudio.buildDefinitions.MSP430_18.12.exeLinker.inputType__GEN_CMDS.1667341551" name="Generated Linker Command Files" superClass="com.ti.ccstudio.buildDefinitions.MSP430_18.12.exeLinker.inputType__GEN_CMDS"/>
							</tool>
							<tool id="com.ti.ccstudio.buildDefinitions.MSP430_18.12.hex.1269219917" name="MSP430 Hex Utility" superClass="com.ti.ccstudio.buildDefinitions.MSP430_18.12.hex">
								<option id="com.ti.ccstudio.buildDefinitions.MSP430_18.12.hex.ROMWIDTH.1853375471" superClass="com.ti.ccstudio.buildDefinitions.MSP430_18.12.hex.ROMWIDTH" useByScannerDiscovery="false" value="8" valueType="string"/>
								<option id="com.ti.ccstudio.buildDefinitions.MSP430_18.12.hex.MEMWIDTH.2052679704" superClass="com.ti.ccstudio.buildDefinitions.MSP430_18.12.hex.MEMWIDTH" useByScannerDiscovery="false" value="8" valueType="string"/>
							</tool>
						</toolChain>
					</folderInfo>
				</configuration>
			</storageModule>
			<storageModule moduleId="org.eclipse.cdt.core.externalSettings"/>
		</cconfiguration>
	</storageModule>
	<storageModule moduleId="org.eclipse.cdt.core.LanguageSettingsProviders"/>
	<storageModule moduleId="cdtBuildSystem" version="4.0.0">
		<project id="Alert_Program.com.ti.ccstudio.buildDefinitions.MSP430.ProjectType.1101567538" name="MSP430" projectType="com.ti.ccstudio.buildDefinitions.MSP430.ProjectType"/>
	</storageModule>
	<storageModule moduleId="scannerConfiguration"/>
</cproject>
